{
  "hash": "340424075918cd8e",
  "peak": 1.9999873638153076,
  "rms": 1.3819096088409424
}
